region;caseNumber;caseNumberFull;consulate;status;submitDate;statusDate;Issued;AP;Ready;Refused;InTransit;Transfer;NVC
AF;1607;2020AF1607;None;In Transit;None;None;0;0;0;0;1;0;0
AF;14304;2020AF14304;KIN;Ready;2018-Oct-23;2020-Sep-17;0;0;1;0;0;0;0
AF;16686;2020AF16686;None;In Transit;None;None;0;0;0;0;1;0;0
AF;18959;2020AF18959;RID;Refused;2018-Oct-26;2020-Sep-17;0;0;1;2;0;0;0
AF;23035;2020AF23035;None;In Transit;None;None;0;0;0;0;1;0;0
AF;28315;2020AF28315;YDE;Ready;2018-Oct-22;2020-Sep-18;0;0;1;0;0;0;0
AF;30202;2020AF30202;JHN;Refused;2018-Oct-23;2020-Sep-17;0;0;0;1;0;0;0
AF;31615;2020AF31615;KIN;Ready;2018-Nov-01;2020-Sep-17;0;0;2;0;0;0;0
AF;32760;2020AF32760;None;In Transit;None;None;0;0;0;0;1;0;0
AF;32904;2020AF32904;JHN;Administrative Processing;2018-Oct-09;2020-Sep-17;0;1;0;0;0;0;0
AF;33350;2020AF33350;CSB;Ready;2018-Nov-03;2020-Sep-16;0;0;1;0;0;0;0
AF;33364;2020AF33364;YDE;Ready;2018-Oct-21;2020-Sep-18;0;0;1;0;0;0;0
AF;34956;2020AF34956;CRO;Ready;2018-Oct-25;2020-Sep-16;0;0;1;0;0;0;0
AF;35169;2020AF35169;CRO;Ready;2018-Oct-05;2020-Sep-15;0;0;3;0;0;0;0
AF;35213;2020AF35213;None;In Transit;None;None;0;0;0;0;1;0;0
AF;35271;2020AF35271;None;In Transit;None;None;0;0;0;0;1;0;0
AF;35474;2020AF35474;ADD;Ready;2018-Oct-25;2020-Sep-17;0;0;1;0;0;0;0
AF;35521;2020AF35521;MST;Ready;2018-Nov-04;2020-Sep-15;0;0;1;0;0;0;0
AF;35716;2020AF35716;DOH;Ready;2018-Oct-30;2020-Sep-17;0;0;1;0;0;0;0
AF;37090;2020AF37090;None;In Transit;None;None;0;0;0;0;1;0;0
AF;37128;2020AF37128;KIN;Ready;2018-Oct-20;2020-Sep-17;0;0;7;0;0;0;0
AF;37798;2020AF37798;None;In Transit;None;None;0;0;0;0;1;0;0
AF;38549;2020AF38549;None;In Transit;None;None;0;0;0;0;1;0;0
AF;38993;2020AF38993;YDE;Ready;2018-Nov-06;2020-Sep-18;0;0;1;0;0;0;0
AF;40345;2020AF40345;None;In Transit;None;None;0;0;0;0;1;0;0
AF;41699;2020AF41699;DOH;Ready;2018-Nov-06;2020-Sep-17;0;0;1;0;0;0;0
AF;41767;2020AF41767;CRO;Ready;2018-Nov-05;2020-Sep-15;0;0;1;0;0;0;0
AF;42201;2020AF42201;CRO;Issued;2018-Nov-05;2020-Sep-17;3;0;0;0;0;0;0
AF;42877;2020AF42877;None;In Transit;None;None;0;0;0;0;1;0;0
AF;43312;2020AF43312;YDE;Ready;2018-Oct-04;2020-Sep-18;0;0;1;0;0;0;0
AF;44425;2020AF44425;None;In Transit;None;None;0;0;0;0;1;0;0
AF;44957;2020AF44957;CRO;Issued;2018-Nov-03;2020-Sep-17;2;0;0;0;0;0;0
AF;45275;2020AF45275;CSB;Ready;2018-Oct-09;2020-Sep-14;0;0;1;0;0;0;0
AF;46798;2020AF46798;TNS;Ready;2018-Nov-04;2020-Sep-16;0;0;3;0;0;0;0
AF;47095;2020AF47095;None;In Transit;None;None;0;0;0;0;1;0;0
AF;49793;2020AF49793;TNS;Administrative Processing;2018-Oct-26;2020-Sep-18;0;2;0;0;0;0;0
AF;49955;2020AF49955;None;In Transit;None;None;0;0;0;0;1;0;0
AF;50737;2020AF50737;RID;Ready;2018-Oct-15;2020-Sep-17;0;0;6;0;0;0;0
AF;52219;2020AF52219;CRO;Issued;2018-Nov-03;2020-Sep-17;1;0;0;0;0;0;0
AF;53273;2020AF53273;YDE;Ready;2018-Oct-14;2020-Sep-18;0;0;1;0;0;0;0
AF;54620;2020AF54620;None;In Transit;None;None;0;0;0;0;1;0;0
AF;54759;2020AF54759;ADD;Ready;2018-Oct-15;2020-Sep-17;0;0;1;0;0;0;0
AF;55102;2020AF55102;ALG;Ready;2018-Nov-03;2020-Sep-16;0;0;3;0;0;0;0
AF;55218;2020AF55218;None;In Transit;None;None;0;0;0;0;1;0;0
AF;55600;2020AF55600;KIN;Ready;2018-Nov-05;2020-Sep-17;0;0;2;0;0;0;0
AF;57218;2020AF57218;ALG;Ready;2018-Nov-01;2020-Sep-15;0;0;3;0;0;0;0
AF;57481;2020AF57481;None;In Transit;None;None;0;0;0;0;1;0;0
AF;57907;2020AF57907;BEN;Ready;2018-Oct-16;2020-Sep-15;0;0;5;0;0;0;0
AF;59050;2020AF59050;YDE;Ready;2018-Nov-04;2020-Sep-18;0;0;1;0;0;0;0
AF;62481;2020AF62481;ADD;Ready;2018-Oct-12;2020-Sep-17;0;0;1;0;0;0;0
AF;62789;2020AF62789;None;In Transit;None;None;0;0;0;0;1;0;0
AF;63191;2020AF63191;YDE;Ready;2018-Oct-21;2020-Sep-18;0;0;1;0;0;0;0
AF;64184;2020AF64184;RID;Refused;2018-Oct-27;2020-Sep-16;0;0;4;1;0;0;0
AF;64279;2020AF64279;ADD;Ready;2018-Nov-02;2020-Sep-17;0;0;2;0;0;0;0
AF;65785;2020AF65785;KWT;Ready;2018-Nov-03;2020-Sep-17;0;0;3;0;0;0;0
AF;66270;2020AF66270;None;In Transit;None;None;0;0;0;0;1;0;0
AF;67499;2020AF67499;KIN;Ready;2018-Oct-27;2020-Sep-17;0;0;2;0;0;0;0
AF;67798;2020AF67798;YDE;Ready;2018-Oct-27;2020-Sep-18;0;0;3;0;0;0;0
AF;68135;2020AF68135;ADD;Ready;2018-Nov-05;2020-Sep-17;0;0;4;0;0;0;0
AF;68714;2020AF68714;None;In Transit;None;None;0;0;0;0;1;0;0
AF;72025;2020AF72025;YDE;Ready;2018-Oct-26;2020-Sep-18;0;0;1;0;0;0;0
AS;1183;2020AS1183;YRV;Ready;2018-Nov-01;2020-Sep-18;0;0;4;0;0;0;0
AS;2402;2020AS2402;None;In Transit;None;None;0;0;0;0;1;0;0
AS;3197;2020AS3197;None;In Transit;None;None;0;0;0;0;1;0;0
AS;5818;2020AS5818;None;In Transit;None;None;0;0;0;0;1;0;0
AS;6335;2020AS6335;None;In Transit;None;None;0;0;0;0;1;0;0
AS;6784;2020AS6784;RID;Ready;2018-Nov-06;2020-Sep-17;0;0;1;0;0;0;0
AS;6846;2020AS6846;None;In Transit;None;None;0;0;0;0;1;0;0
AS;7030;2020AS7030;None;In Transit;None;None;0;0;0;0;1;0;0
AS;8051;2020AS8051;YRV;Ready;2018-Oct-04;2020-Sep-18;0;0;1;0;0;0;0
AS;8253;2020AS8253;None;In Transit;None;None;0;0;0;0;1;0;0
AS;8565;2020AS8565;MTL;Refused;2018-Oct-28;2020-Sep-18;0;0;0;1;0;0;0
AS;9292;2020AS9292;TAI;Ready;2018-Nov-06;2020-Sep-16;0;0;3;0;0;0;0
AS;9673;2020AS9673;None;In Transit;None;None;0;0;0;0;1;0;0
AS;10181;2020AS10181;YRV;Ready;2018-Nov-02;2020-Sep-18;0;0;3;0;0;0;0
AS;10287;2020AS10287;ABD;Ready;2018-Oct-23;2020-Sep-17;0;0;2;0;0;0;0
AS;11068;2020AS11068;YRV;Ready;2018-Nov-03;2020-Sep-18;0;0;2;0;0;0;0
AS;11239;2020AS11239;KDU;Ready;2018-Nov-04;2020-Sep-18;0;0;2;0;0;0;0
AS;11428;2020AS11428;YRV;Ready;2018-Nov-02;2020-Sep-18;0;0;3;0;0;0;0
AS;11507;2020AS11507;YRV;Ready;2018-Nov-06;2020-Sep-18;0;0;1;0;0;0;0
AS;11660;2020AS11660;YRV;Ready;2018-Nov-03;2020-Sep-18;0;0;3;0;0;0;0
AS;11801;2020AS11801;FRN;Ready;2018-Nov-03;2020-Sep-18;0;0;1;0;0;0;0
AS;11805;2020AS11805;None;In Transit;None;None;0;0;0;0;1;0;0
AS;11830;2020AS11830;YRV;Ready;2018-Nov-05;2020-Sep-18;0;0;4;0;0;0;0
AS;11985;2020AS11985;KDU;Ready;2018-Oct-24;2020-Sep-18;0;0;1;0;0;0;0
AS;12039;2020AS12039;ANK;Ready;2018-Nov-04;2020-Sep-17;0;0;4;0;0;0;0
AS;12259;2020AS12259;KDU;Ready;2018-Oct-18;2020-Sep-18;0;0;1;0;0;0;0
AS;12363;2020AS12363;None;In Transit;None;None;0;0;0;0;1;0;0
AS;12673;2020AS12673;None;In Transit;None;None;0;0;0;0;1;0;0
AS;12729;2020AS12729;KDU;Ready;2018-Oct-30;2020-Sep-18;0;0;1;0;0;0;0
AS;12901;2020AS12901;KDU;Ready;2018-Nov-04;2020-Sep-18;0;0;1;0;0;0;0
AS;13221;2020AS13221;KDU;Ready;2018-Oct-24;2020-Sep-18;0;0;1;0;0;0;0
AS;13227;2020AS13227;None;In Transit;None;None;0;0;0;0;1;0;0
AS;13351;2020AS13351;KDU;Ready;2018-Nov-06;2020-Sep-18;0;0;1;0;0;0;0
AS;13538;2020AS13538;None;In Transit;None;None;0;0;0;0;1;0;0
AS;13653;2020AS13653;None;In Transit;None;None;0;0;0;0;1;0;0
AS;13902;2020AS13902;None;In Transit;None;None;0;0;0;0;1;0;0
AS;13982;2020AS13982;None;In Transit;None;None;0;0;0;0;1;0;0
AS;14346;2020AS14346;None;In Transit;None;None;0;0;0;0;1;0;0
AS;15402;2020AS15402;None;In Transit;None;None;0;0;0;0;1;0;0
AS;16267;2020AS16267;AMM;Issued;2018-Nov-03;2020-Sep-17;1;0;0;0;0;0;0
AS;16643;2020AS16643;None;In Transit;None;None;0;0;0;0;1;0;0
AS;16647;2020AS16647;None;In Transit;None;None;0;0;0;0;1;0;0
AS;16733;2020AS16733;AMM;Ready;2018-Oct-30;2020-Sep-17;0;0;5;0;0;0;0
AS;16797;2020AS16797;None;In Transit;None;None;0;0;0;0;1;0;0
AS;17257;2020AS17257;None;In Transit;None;None;0;0;0;0;1;0;0
AS;17296;2020AS17296;None;In Transit;None;None;0;0;0;0;1;0;0
AS;17442;2020AS17442;None;In Transit;None;None;0;0;0;0;1;0;0
AS;17499;2020AS17499;None;In Transit;None;None;0;0;0;0;1;0;0
AS;18392;2020AS18392;RID;Refused;2018-Oct-18;2020-Sep-17;0;0;1;1;0;0;0
AS;18451;2020AS18451;None;In Transit;None;None;0;0;0;0;1;0;0
AS;18512;2020AS18512;None;In Transit;None;None;0;0;0;0;1;0;0
AS;18804;2020AS18804;None;In Transit;None;None;0;0;0;0;1;0;0
AS;19146;2020AS19146;ISL;Ready;2018-Oct-25;2020-Sep-18;0;0;1;0;0;0;0
AS;19164;2020AS19164;None;In Transit;None;None;0;0;0;0;1;0;0
AS;19181;2020AS19181;None;In Transit;None;None;0;0;0;0;1;0;0
AS;19321;2020AS19321;None;In Transit;None;None;0;0;0;0;1;0;0
AS;19816;2020AS19816;None;In Transit;None;None;0;0;0;0;1;0;0
AS;20017;2020AS20017;None;In Transit;None;None;0;0;0;0;1;0;0
AS;20306;2020AS20306;TKY;Refused;2018-Oct-13;2020-Sep-17;0;0;0;1;0;0;0
AS;20397;2020AS20397;None;In Transit;None;None;0;0;0;0;1;0;0
AS;20413;2020AS20413;None;In Transit;None;None;0;0;0;0;1;0;0
AS;20433;2020AS20433;None;In Transit;None;None;0;0;0;0;1;0;0
AS;20767;2020AS20767;None;In Transit;None;None;0;0;0;0;1;0;0
AS;20936;2020AS20936;None;In Transit;None;None;0;0;0;0;1;0;0
AS;20984;2020AS20984;None;In Transit;None;None;0;0;0;0;1;0;0
AS;21308;2020AS21308;BRT;Issued;2018-Nov-05;2020-Sep-17;2;0;0;0;0;0;0
AS;21360;2020AS21360;RID;Ready;2018-Oct-12;2020-Sep-17;0;0;3;0;0;0;0
AS;21446;2020AS21446;HNK;Refused;2018-Nov-04;2020-Sep-18;0;0;0;4;0;0;0
AS;21699;2020AS21699;None;In Transit;None;None;0;0;0;0;1;0;0
AS;21746;2020AS21746;None;In Transit;None;None;0;0;0;0;1;0;0
AS;21782;2020AS21782;RID;Refused;2018-Nov-06;2020-Sep-17;0;0;3;1;0;0;0
AS;21894;2020AS21894;None;In Transit;None;None;0;0;0;0;1;0;0
AS;22107;2020AS22107;None;In Transit;None;None;0;0;0;0;1;0;0
AS;22253;2020AS22253;RID;Ready;2018-Oct-04;2020-Sep-17;0;0;7;0;0;0;0
AS;22275;2020AS22275;HNK;Refused;2018-Oct-22;2020-Sep-18;0;0;0;4;0;0;0
AS;22351;2020AS22351;RID;Ready;2018-Oct-17;2020-Sep-17;0;0;1;0;0;0;0
AS;22522;2020AS22522;None;In Transit;None;None;0;0;0;0;1;0;0
AS;22614;2020AS22614;None;In Transit;None;None;0;0;0;0;1;0;0
AS;22633;2020AS22633;None;In Transit;None;None;0;0;0;0;1;0;0
AS;22943;2020AS22943;None;In Transit;None;None;0;0;0;0;1;0;0
AS;22999;2020AS22999;RID;Refused;2018-Oct-04;2020-Sep-17;0;0;0;1;0;0;0
AS;23196;2020AS23196;None;In Transit;None;None;0;0;0;0;1;0;0
AS;23276;2020AS23276;HNK;Refused;2018-Nov-05;2020-Sep-16;0;0;1;2;0;0;0
AS;23373;2020AS23373;None;In Transit;None;None;0;0;0;0;1;0;0
AS;23400;2020AS23400;None;In Transit;None;None;0;0;0;0;1;0;0
AS;23428;2020AS23428;DJI;Ready;2018-Nov-03;2020-Sep-17;0;0;5;0;0;0;0
AS;23511;2020AS23511;None;In Transit;None;None;0;0;0;0;1;0;0
AS;23517;2020AS23517;MNA;Ready;2018-Oct-15;2020-Sep-16;0;0;1;0;0;0;0
AS;23669;2020AS23669;None;In Transit;None;None;0;0;0;0;1;0;0
AS;23954;2020AS23954;None;In Transit;None;None;0;0;0;0;1;0;0
AS;24021;2020AS24021;RID;Ready;2018-Oct-26;2020-Sep-17;0;0;4;0;0;0;0
AS;24036;2020AS24036;None;In Transit;None;None;0;0;0;0;1;0;0
AS;24041;2020AS24041;RID;Ready;2018-Oct-25;2020-Sep-17;0;0;1;0;0;0;0
AS;24092;2020AS24092;None;In Transit;None;None;0;0;0;0;1;0;0
AS;24167;2020AS24167;BRT;Ready;2018-Oct-29;2020-Sep-18;0;0;1;0;0;0;0
AS;24228;2020AS24228;None;In Transit;None;None;0;0;0;0;1;0;0
AS;24776;2020AS24776;TKY;Refused;2018-Nov-05;2020-Sep-17;0;0;0;1;0;0;0
AS;24858;2020AS24858;None;In Transit;None;None;0;0;0;0;1;0;0
AS;25004;2020AS25004;None;In Transit;None;None;0;0;0;0;1;0;0
AS;25112;2020AS25112;None;In Transit;None;None;0;0;0;0;1;0;0
AS;25115;2020AS25115;BGT;Ready;2018-Oct-08;2020-Sep-18;0;0;4;0;0;0;0
AS;25450;2020AS25450;None;In Transit;None;None;0;0;0;0;1;0;0
AS;25571;2020AS25571;None;In Transit;None;None;0;0;0;0;1;0;0
AS;25643;2020AS25643;None;In Transit;None;None;0;0;0;0;1;0;0
AS;25701;2020AS25701;TAI;Ready;2018-Oct-10;2020-Sep-17;0;0;4;0;0;0;0
AS;25981;2020AS25981;BRT;Ready;2018-Nov-04;2020-Sep-18;0;0;5;0;0;0;0
AS;26457;2020AS26457;None;In Transit;None;None;0;0;0;0;1;0;0
AS;26655;2020AS26655;AMM;Ready;2018-Nov-06;2020-Sep-15;0;0;2;0;0;0;0
AS;28236;2020AS28236;BNK;Ready;2018-Oct-28;2020-Sep-18;0;0;1;0;0;0;0
AS;29398;2020AS29398;HNK;Refused;2018-Oct-28;2020-Sep-18;0;0;0;2;0;0;0
AS;29631;2020AS29631;NHA;Ready;2018-Nov-02;2020-Sep-18;0;0;2;0;0;0;0
AS;29769;2020AS29769;ABD;Ready;2018-Nov-04;2020-Sep-17;0;0;1;0;0;0;0
AS;29898;2020AS29898;JRS;Refused;2018-Oct-03;2020-Sep-18;0;0;0;1;0;0;0
AS;29919;2020AS29919;AMM;Ready;2018-Oct-06;2020-Sep-15;0;0;1;0;0;0;0
AS;30587;2020AS30587;HNK;Refused;2018-Nov-04;2020-Sep-17;0;0;0;3;0;0;0
EU;45;2020EU45;None;In Transit;None;None;0;0;0;0;1;0;0
EU;263;2020EU263;None;In Transit;None;None;0;0;0;0;1;0;0
EU;1331;2020EU1331;None;In Transit;None;None;0;0;0;0;1;0;0
EU;1522;2020EU1522;None;In Transit;None;None;0;0;0;0;1;0;0
EU;2254;2020EU2254;None;In Transit;None;None;0;0;0;0;1;0;0
EU;2712;2020EU2712;None;In Transit;None;None;0;0;0;0;1;0;0
EU;3300;2020EU3300;None;In Transit;None;None;0;0;0;0;1;0;0
EU;3814;2020EU3814;None;In Transit;None;None;0;0;0;0;1;0;0
EU;4835;2020EU4835;CHS;Refused;2018-Oct-17;2020-Sep-17;0;0;0;2;0;0;0
EU;5232;2020EU5232;None;In Transit;None;None;0;0;0;0;1;0;0
EU;6299;2020EU6299;None;In Transit;None;None;0;0;0;0;1;0;0
EU;6526;2020EU6526;None;In Transit;None;None;0;0;0;0;1;0;0
EU;6750;2020EU6750;None;In Transit;None;None;0;0;0;0;1;0;0
EU;7523;2020EU7523;None;In Transit;None;None;0;0;0;0;1;0;0
EU;7742;2020EU7742;None;In Transit;None;None;0;0;0;0;1;0;0
EU;7911;2020EU7911;None;In Transit;None;None;0;0;0;0;1;0;0
EU;8323;2020EU8323;None;In Transit;None;None;0;0;0;0;1;0;0
EU;8326;2020EU8326;None;In Transit;None;None;0;0;0;0;1;0;0
EU;8580;2020EU8580;None;In Transit;None;None;0;0;0;0;1;0;0
EU;9224;2020EU9224;None;In Transit;None;None;0;0;0;0;1;0;0
EU;9242;2020EU9242;None;In Transit;None;None;0;0;0;0;1;0;0
EU;9245;2020EU9245;None;In Transit;None;None;0;0;0;0;1;0;0
EU;9317;2020EU9317;None;In Transit;None;None;0;0;0;0;1;0;0
EU;9611;2020EU9611;None;In Transit;None;None;0;0;0;0;1;0;0
EU;9740;2020EU9740;None;In Transit;None;None;0;0;0;0;1;0;0
EU;9747;2020EU9747;None;In Transit;None;None;0;0;0;0;1;0;0
EU;10558;2020EU10558;None;In Transit;None;None;0;0;0;0;1;0;0
EU;10573;2020EU10573;None;In Transit;None;None;0;0;0;0;1;0;0
EU;11402;2020EU11402;None;In Transit;None;None;0;0;0;0;1;0;0
EU;11882;2020EU11882;None;In Transit;None;None;0;0;0;0;1;0;0
EU;12335;2020EU12335;ANK;Ready;2018-Nov-06;2020-Sep-19;0;0;3;0;0;0;0
EU;16326;2020EU16326;None;In Transit;None;None;0;0;0;0;1;0;0
EU;16342;2020EU16342;None;In Transit;None;None;0;0;0;0;1;0;0
EU;16373;2020EU16373;None;In Transit;None;None;0;0;0;0;1;0;0
EU;16388;2020EU16388;None;In Transit;None;None;0;0;0;0;1;0;0
EU;16514;2020EU16514;None;In Transit;None;None;0;0;0;0;1;0;0
EU;16721;2020EU16721;None;In Transit;None;None;0;0;0;0;1;0;0
EU;17208;2020EU17208;None;In Transit;None;None;0;0;0;0;1;0;0
EU;17360;2020EU17360;None;In Transit;None;None;0;0;0;0;1;0;0
EU;17527;2020EU17527;None;In Transit;None;None;0;0;0;0;1;0;0
EU;17542;2020EU17542;None;In Transit;None;None;0;0;0;0;1;0;0
EU;17565;2020EU17565;None;In Transit;None;None;0;0;0;0;1;0;0
EU;17640;2020EU17640;None;In Transit;None;None;0;0;0;0;1;0;0
EU;18033;2020EU18033;None;In Transit;None;None;0;0;0;0;1;0;0
EU;18064;2020EU18064;None;In Transit;None;None;0;0;0;0;1;0;0
EU;18144;2020EU18144;None;In Transit;None;None;0;0;0;0;1;0;0
EU;18606;2020EU18606;None;In Transit;None;None;0;0;0;0;1;0;0
EU;18644;2020EU18644;None;In Transit;None;None;0;0;0;0;1;0;0
EU;18701;2020EU18701;None;In Transit;None;None;0;0;0;0;1;0;0
EU;18823;2020EU18823;None;In Transit;None;None;0;0;0;0;1;0;0
EU;18885;2020EU18885;None;In Transit;None;None;0;0;0;0;1;0;0
EU;18911;2020EU18911;None;In Transit;None;None;0;0;0;0;1;0;0
EU;19120;2020EU19120;None;In Transit;None;None;0;0;0;0;1;0;0
EU;19136;2020EU19136;None;In Transit;None;None;0;0;0;0;1;0;0
EU;19269;2020EU19269;None;In Transit;None;None;0;0;0;0;1;0;0
EU;19622;2020EU19622;None;In Transit;None;None;0;0;0;0;1;0;0
EU;19689;2020EU19689;None;In Transit;None;None;0;0;0;0;1;0;0
EU;19785;2020EU19785;None;In Transit;None;None;0;0;0;0;1;0;0
EU;19867;2020EU19867;None;In Transit;None;None;0;0;0;0;1;0;0
EU;19940;2020EU19940;None;In Transit;None;None;0;0;0;0;1;0;0
EU;20015;2020EU20015;None;In Transit;None;None;0;0;0;0;1;0;0
EU;20230;2020EU20230;None;In Transit;None;None;0;0;0;0;1;0;0
EU;20295;2020EU20295;None;In Transit;None;None;0;0;0;0;1;0;0
EU;20323;2020EU20323;None;In Transit;None;None;0;0;0;0;1;0;0
EU;20349;2020EU20349;KEV;Ready;2018-Nov-06;2020-Sep-18;0;0;2;0;0;0;0
EU;20368;2020EU20368;None;In Transit;None;None;0;0;0;0;1;0;0
EU;20389;2020EU20389;KEV;Ready;2018-Oct-28;2020-Sep-18;0;0;3;0;0;0;0
EU;20476;2020EU20476;None;In Transit;None;None;0;0;0;0;1;0;0
EU;20519;2020EU20519;None;In Transit;None;None;0;0;0;0;1;0;0
EU;20581;2020EU20581;None;In Transit;None;None;0;0;0;0;1;0;0
EU;20639;2020EU20639;None;In Transit;None;None;0;0;0;0;1;0;0
EU;20722;2020EU20722;None;In Transit;None;None;0;0;0;0;1;0;0
EU;20746;2020EU20746;None;In Transit;None;None;0;0;0;0;1;0;0
EU;20757;2020EU20757;None;In Transit;None;None;0;0;0;0;1;0;0
EU;20787;2020EU20787;None;In Transit;None;None;0;0;0;0;1;0;0
EU;20796;2020EU20796;None;In Transit;None;None;0;0;0;0;1;0;0
EU;20821;2020EU20821;None;In Transit;None;None;0;0;0;0;1;0;0
EU;20836;2020EU20836;None;In Transit;None;None;0;0;0;0;1;0;0
EU;20896;2020EU20896;None;In Transit;None;None;0;0;0;0;1;0;0
EU;20908;2020EU20908;None;In Transit;None;None;0;0;0;0;1;0;0
EU;20922;2020EU20922;None;In Transit;None;None;0;0;0;0;1;0;0
EU;20977;2020EU20977;None;In Transit;None;None;0;0;0;0;1;0;0
EU;21059;2020EU21059;None;In Transit;None;None;0;0;0;0;1;0;0
EU;21065;2020EU21065;None;In Transit;None;None;0;0;0;0;1;0;0
EU;21120;2020EU21120;None;In Transit;None;None;0;0;0;0;1;0;0
EU;21255;2020EU21255;ANK;Ready;2018-Nov-05;2020-Sep-19;0;0;4;0;0;0;0
EU;21314;2020EU21314;None;In Transit;None;None;0;0;0;0;1;0;0
EU;21324;2020EU21324;None;In Transit;None;None;0;0;0;0;1;0;0
EU;21363;2020EU21363;None;In Transit;None;None;0;0;0;0;1;0;0
EU;21374;2020EU21374;None;In Transit;None;None;0;0;0;0;1;0;0
EU;21397;2020EU21397;None;In Transit;None;None;0;0;0;0;1;0;0
EU;21399;2020EU21399;None;In Transit;None;None;0;0;0;0;1;0;0
EU;21460;2020EU21460;None;In Transit;None;None;0;0;0;0;1;0;0
EU;21587;2020EU21587;None;In Transit;None;None;0;0;0;0;1;0;0
EU;21620;2020EU21620;None;In Transit;None;None;0;0;0;0;1;0;0
EU;21657;2020EU21657;None;In Transit;None;None;0;0;0;0;1;0;0
EU;21658;2020EU21658;None;In Transit;None;None;0;0;0;0;1;0;0
EU;21659;2020EU21659;None;In Transit;None;None;0;0;0;0;1;0;0
EU;21668;2020EU21668;ABD;Ready;2018-Nov-01;2020-Sep-17;0;0;4;0;0;0;0
EU;21682;2020EU21682;None;In Transit;None;None;0;0;0;0;1;0;0
EU;21697;2020EU21697;None;In Transit;None;None;0;0;0;0;1;0;0
EU;21706;2020EU21706;None;In Transit;None;None;0;0;0;0;1;0;0
EU;21871;2020EU21871;None;In Transit;None;None;0;0;0;0;1;0;0
EU;22061;2020EU22061;ANK;Ready;2018-Nov-05;2020-Sep-19;0;0;1;0;0;0;0
EU;22181;2020EU22181;None;In Transit;None;None;0;0;0;0;1;0;0
EU;22185;2020EU22185;ANK;Ready;2018-Oct-23;2020-Sep-19;0;0;3;0;0;0;0
EU;22289;2020EU22289;None;In Transit;None;None;0;0;0;0;1;0;0
EU;22431;2020EU22431;None;In Transit;None;None;0;0;0;0;1;0;0
EU;22448;2020EU22448;None;In Transit;None;None;0;0;0;0;1;0;0
EU;22695;2020EU22695;None;In Transit;None;None;0;0;0;0;1;0;0
EU;22752;2020EU22752;None;In Transit;None;None;0;0;0;0;1;0;0
EU;23099;2020EU23099;WRW;Ready;2018-Oct-21;2020-Sep-18;0;0;1;0;0;0;0
EU;23150;2020EU23150;None;In Transit;None;None;0;0;0;0;1;0;0
EU;23156;2020EU23156;None;In Transit;None;None;0;0;0;0;1;0;0
EU;23268;2020EU23268;MOS;Ready;2018-Oct-15;2020-Sep-17;0;0;3;0;0;0;0
EU;23342;2020EU23342;KEV;Ready;2018-Oct-20;2020-Sep-18;0;0;1;0;0;0;0
EU;23373;2020EU23373;None;In Transit;None;None;0;0;0;0;1;0;0
EU;23511;2020EU23511;None;In Transit;None;None;0;0;0;0;1;0;0
EU;23529;2020EU23529;None;In Transit;None;None;0;0;0;0;1;0;0
EU;23536;2020EU23536;None;In Transit;None;None;0;0;0;0;1;0;0
EU;23573;2020EU23573;None;In Transit;None;None;0;0;0;0;1;0;0
EU;23620;2020EU23620;None;In Transit;None;None;0;0;0;0;1;0;0
EU;23628;2020EU23628;None;In Transit;None;None;0;0;0;0;1;0;0
EU;23642;2020EU23642;None;In Transit;None;None;0;0;0;0;1;0;0
EU;23678;2020EU23678;None;In Transit;None;None;0;0;0;0;1;0;0
EU;23692;2020EU23692;None;In Transit;None;None;0;0;0;0;1;0;0
EU;23705;2020EU23705;None;In Transit;None;None;0;0;0;0;1;0;0
EU;23721;2020EU23721;None;In Transit;None;None;0;0;0;0;1;0;0
EU;23748;2020EU23748;None;In Transit;None;None;0;0;0;0;1;0;0
EU;23765;2020EU23765;None;In Transit;None;None;0;0;0;0;1;0;0
EU;23780;2020EU23780;None;In Transit;None;None;0;0;0;0;1;0;0
EU;23823;2020EU23823;None;In Transit;None;None;0;0;0;0;1;0;0
EU;23861;2020EU23861;None;In Transit;None;None;0;0;0;0;1;0;0
EU;23874;2020EU23874;MOS;Administrative Processing;2018-Nov-04;2020-Sep-18;0;4;0;1;0;0;0
EU;23891;2020EU23891;MOS;Administrative Processing;2018-Oct-27;2020-Sep-18;0;2;0;0;0;0;0
EU;23904;2020EU23904;PRS;Ready;2018-Nov-03;2020-Sep-18;0;0;1;0;0;0;0
EU;23912;2020EU23912;None;In Transit;None;None;0;0;0;0;1;0;0
EU;23914;2020EU23914;None;In Transit;None;None;0;0;0;0;1;0;0
EU;23950;2020EU23950;None;In Transit;None;None;0;0;0;0;1;0;0
EU;23955;2020EU23955;None;In Transit;None;None;0;0;0;0;1;0;0
EU;23960;2020EU23960;None;In Transit;None;None;0;0;0;0;1;0;0
EU;24037;2020EU24037;None;In Transit;None;None;0;0;0;0;1;0;0
EU;24088;2020EU24088;None;In Transit;None;None;0;0;0;0;1;0;0
EU;24144;2020EU24144;None;In Transit;None;None;0;0;0;0;1;0;0
EU;24166;2020EU24166;MOS;Refused;2018-Oct-09;2020-Sep-17;0;0;1;2;0;0;0
EU;24173;2020EU24173;None;In Transit;None;None;0;0;0;0;1;0;0
EU;24203;2020EU24203;None;In Transit;None;None;0;0;0;0;1;0;0
EU;24232;2020EU24232;SOF;Ready;2018-Nov-02;2020-Sep-18;0;0;1;0;0;0;0
EU;24270;2020EU24270;None;In Transit;None;None;0;0;0;0;1;0;0
EU;24275;2020EU24275;None;In Transit;None;None;0;0;0;0;1;0;0
EU;24399;2020EU24399;None;In Transit;None;None;0;0;0;0;1;0;0
EU;24416;2020EU24416;None;In Transit;None;None;0;0;0;0;1;0;0
EU;24445;2020EU24445;None;In Transit;None;None;0;0;0;0;1;0;0
EU;24559;2020EU24559;ANK;Ready;2018-Nov-04;2020-Sep-17;0;0;2;0;0;0;0
EU;24561;2020EU24561;None;In Transit;None;None;0;0;0;0;1;0;0
EU;24569;2020EU24569;TIA;Administrative Processing;2018-Nov-04;2020-Sep-17;0;3;0;0;0;0;0
EU;24626;2020EU24626;None;In Transit;None;None;0;0;0;0;1;0;0
EU;24717;2020EU24717;None;In Transit;None;None;0;0;0;0;1;0;0
EU;24787;2020EU24787;None;In Transit;None;None;0;0;0;0;1;0;0
EU;24889;2020EU24889;None;In Transit;None;None;0;0;0;0;1;0;0
EU;24894;2020EU24894;None;In Transit;None;None;0;0;0;0;1;0;0
EU;24934;2020EU24934;None;In Transit;None;None;0;0;0;0;1;0;0
EU;25017;2020EU25017;None;In Transit;None;None;0;0;0;0;1;0;0
EU;25043;2020EU25043;None;In Transit;None;None;0;0;0;0;1;0;0
EU;25044;2020EU25044;ANK;Ready;2018-Nov-06;2020-Sep-19;0;0;4;0;0;0;0
EU;25142;2020EU25142;None;In Transit;None;None;0;0;0;0;1;0;0
EU;25150;2020EU25150;None;In Transit;None;None;0;0;0;0;1;0;0
EU;25178;2020EU25178;None;In Transit;None;None;0;0;0;0;1;0;0
EU;25392;2020EU25392;MOS;Ready;2018-Oct-27;2020-Sep-17;0;0;3;0;0;0;0
EU;25411;2020EU25411;MOS;Refused;2018-Nov-02;2020-Sep-17;0;0;0;3;0;0;0
EU;25441;2020EU25441;CHS;Refused;2018-Oct-11;2020-Sep-17;0;0;0;2;0;0;0
EU;25446;2020EU25446;None;In Transit;None;None;0;0;0;0;1;0;0
EU;25567;2020EU25567;None;In Transit;None;None;0;0;0;0;1;0;0
EU;25598;2020EU25598;None;In Transit;None;None;0;0;0;0;1;0;0
EU;25623;2020EU25623;None;In Transit;None;None;0;0;0;0;1;0;0
EU;25678;2020EU25678;None;In Transit;None;None;0;0;0;0;1;0;0
EU;25707;2020EU25707;None;In Transit;None;None;0;0;0;0;1;0;0
EU;25786;2020EU25786;None;In Transit;None;None;0;0;0;0;1;0;0
EU;25832;2020EU25832;ATA;Ready;2018-Nov-03;2020-Sep-18;0;0;5;0;0;0;0
EU;25890;2020EU25890;TBL;Ready;2018-Oct-22;2020-Sep-17;0;0;1;0;0;0;0
EU;25920;2020EU25920;None;In Transit;None;None;0;0;0;0;1;0;0
EU;25936;2020EU25936;None;In Transit;None;None;0;0;0;0;1;0;0
EU;26066;2020EU26066;ANK;Ready;2018-Oct-15;2020-Sep-19;0;0;3;0;0;0;0
EU;26161;2020EU26161;TBL;Ready;2018-Oct-28;2020-Sep-17;0;0;1;0;0;0;0
EU;26229;2020EU26229;MOS;Refused;2018-Oct-17;2020-Sep-18;0;0;0;2;0;0;0
EU;26282;2020EU26282;None;In Transit;None;None;0;0;0;0;1;0;0
EU;26292;2020EU26292;None;In Transit;None;None;0;0;0;0;1;0;0
EU;26334;2020EU26334;None;In Transit;None;None;0;0;0;0;1;0;0
EU;26428;2020EU26428;ATA;Ready;2018-Oct-04;2020-Sep-18;0;0;3;0;0;0;0
EU;26460;2020EU26460;None;In Transit;None;None;0;0;0;0;1;0;0
EU;26548;2020EU26548;None;In Transit;None;None;0;0;0;0;1;0;0
EU;26594;2020EU26594;ANK;Ready;2018-Nov-04;2020-Sep-19;0;0;2;0;0;0;0
EU;26632;2020EU26632;MOS;Refused;2018-Nov-01;2020-Sep-18;0;0;0;2;0;0;0
EU;26692;2020EU26692;TBL;Ready;2018-Oct-31;2020-Sep-17;0;0;3;0;0;0;0
EU;26697;2020EU26697;None;In Transit;None;None;0;0;0;0;1;0;0
EU;26731;2020EU26731;None;In Transit;None;None;0;0;0;0;1;0;0
EU;26737;2020EU26737;None;In Transit;None;None;0;0;0;0;1;0;0
EU;26761;2020EU26761;ZGB;Ready;2018-Oct-14;2020-Sep-18;0;0;1;0;0;0;0
EU;26809;2020EU26809;ANK;Ready;2018-Nov-02;2020-Sep-19;0;0;1;0;0;0;0
EU;26921;2020EU26921;None;In Transit;None;None;0;0;0;0;1;0;0
EU;26992;2020EU26992;None;In Transit;None;None;0;0;0;0;1;0;0
EU;26999;2020EU26999;None;In Transit;None;None;0;0;0;0;1;0;0
EU;27013;2020EU27013;ZGB;Ready;2018-Oct-10;2020-Sep-18;0;0;2;0;0;0;0
EU;27031;2020EU27031;ANK;Ready;2018-Oct-09;2020-Sep-19;0;0;1;0;0;0;0
EU;27070;2020EU27070;None;In Transit;None;None;0;0;0;0;1;0;0
EU;27206;2020EU27206;None;In Transit;None;None;0;0;0;0;1;0;0
EU;27251;2020EU27251;None;In Transit;None;None;0;0;0;0;1;0;0
EU;27282;2020EU27282;None;In Transit;None;None;0;0;0;0;1;0;0
EU;27333;2020EU27333;None;In Transit;None;None;0;0;0;0;1;0;0
EU;27339;2020EU27339;WRW;Ready;2018-Nov-02;2020-Sep-18;0;0;4;0;0;0;0
EU;27364;2020EU27364;None;In Transit;None;None;0;0;0;0;1;0;0
EU;27449;2020EU27449;None;In Transit;None;None;0;0;0;0;1;0;0
EU;27640;2020EU27640;None;In Transit;None;None;0;0;0;0;1;0;0
EU;27641;2020EU27641;CHS;Administrative Processing;2018-Oct-18;2020-Sep-17;0;2;0;0;0;0;0
EU;27717;2020EU27717;TIA;Administrative Processing;2018-Nov-04;2020-Sep-17;0;3;0;0;0;0;0
EU;27733;2020EU27733;None;In Transit;None;None;0;0;0;0;1;0;0
EU;27789;2020EU27789;None;In Transit;None;None;0;0;0;0;1;0;0
EU;27807;2020EU27807;None;In Transit;None;None;0;0;0;0;1;0;0
EU;27899;2020EU27899;None;In Transit;None;None;0;0;0;0;1;0;0
EU;27912;2020EU27912;None;In Transit;None;None;0;0;0;0;1;0;0
EU;27918;2020EU27918;KEV;Ready;2018-Oct-15;2020-Sep-18;0;0;3;0;0;0;0
EU;27936;2020EU27936;ANK;Ready;2018-Oct-23;2020-Sep-19;0;0;2;0;0;0;0
EU;28048;2020EU28048;ANK;Ready;2018-Oct-12;2020-Sep-19;0;0;1;0;0;0;0
EU;28062;2020EU28062;ANK;Ready;2018-Oct-18;2020-Sep-19;0;0;1;0;0;0;0
EU;28064;2020EU28064;None;In Transit;None;None;0;0;0;0;1;0;0
EU;28136;2020EU28136;None;In Transit;None;None;0;0;0;0;1;0;0
EU;28270;2020EU28270;MOS;Refused;2018-Oct-24;2020-Sep-17;0;0;0;1;0;0;0
EU;28271;2020EU28271;None;In Transit;None;None;0;0;0;0;1;0;0
EU;28346;2020EU28346;None;In Transit;None;None;0;0;0;0;1;0;0
EU;28377;2020EU28377;MOS;Refused;2018-Nov-03;2020-Sep-18;0;0;1;2;0;0;0
EU;28472;2020EU28472;PRS;Ready;2018-Nov-05;2020-Sep-18;0;0;1;0;0;0;0
EU;28663;2020EU28663;WRW;Ready;2018-Nov-04;2020-Sep-17;0;0;2;0;0;0;0
EU;28669;2020EU28669;None;In Transit;None;None;0;0;0;0;1;0;0
EU;28711;2020EU28711;None;In Transit;None;None;0;0;0;0;1;0;0
EU;28726;2020EU28726;MOS;Refused;2018-Oct-20;2020-Sep-17;0;0;0;1;0;0;0
EU;28735;2020EU28735;MOS;Ready;2018-Nov-05;2020-Sep-18;0;0;3;0;0;0;0
EU;28866;2020EU28866;ANK;Ready;2018-Oct-16;2020-Sep-19;0;0;2;0;0;0;0
EU;28924;2020EU28924;ZGB;Refused;2018-Oct-05;2020-Sep-18;0;0;0;1;0;0;0
EU;28949;2020EU28949;NPL;Ready;2018-Nov-06;2020-Sep-18;0;0;3;0;0;0;0
EU;29059;2020EU29059;None;In Transit;None;None;0;0;0;0;1;0;0
EU;29142;2020EU29142;None;In Transit;None;None;0;0;0;0;1;0;0
EU;29165;2020EU29165;None;In Transit;None;None;0;0;0;0;1;0;0
EU;29253;2020EU29253;None;In Transit;None;None;0;0;0;0;1;0;0
EU;29279;2020EU29279;None;In Transit;None;None;0;0;0;0;1;0;0
EU;29289;2020EU29289;ANK;Ready;2018-Oct-09;2020-Sep-19;0;0;3;0;0;0;0
EU;29337;2020EU29337;None;In Transit;None;None;0;0;0;0;1;0;0
EU;29406;2020EU29406;None;In Transit;None;None;0;0;0;0;1;0;0
EU;29432;2020EU29432;None;In Transit;None;None;0;0;0;0;1;0;0
EU;29433;2020EU29433;None;In Transit;None;None;0;0;0;0;1;0;0
EU;29496;2020EU29496;None;In Transit;None;None;0;0;0;0;1;0;0
EU;29518;2020EU29518;None;In Transit;None;None;0;0;0;0;1;0;0
EU;29553;2020EU29553;None;In Transit;None;None;0;0;0;0;1;0;0
EU;29569;2020EU29569;None;In Transit;None;None;0;0;0;0;1;0;0
EU;29575;2020EU29575;None;In Transit;None;None;0;0;0;0;1;0;0
EU;30053;2020EU30053;ATA;Ready;2018-Nov-04;2020-Sep-18;0;0;1;0;0;0;0
EU;30077;2020EU30077;None;In Transit;None;None;0;0;0;0;1;0;0
EU;30084;2020EU30084;None;In Transit;None;None;0;0;0;0;1;0;0
EU;30194;2020EU30194;MOS;Ready;2018-Nov-01;2020-Sep-18;0;0;2;0;0;0;0
EU;30206;2020EU30206;None;In Transit;None;None;0;0;0;0;1;0;0
EU;30215;2020EU30215;None;In Transit;None;None;0;0;0;0;1;0;0
EU;30238;2020EU30238;None;In Transit;None;None;0;0;0;0;1;0;0
EU;30239;2020EU30239;None;In Transit;None;None;0;0;0;0;1;0;0
EU;30240;2020EU30240;TIA;Administrative Processing;2018-Nov-04;2020-Sep-17;0;2;0;0;0;0;0
EU;30258;2020EU30258;CHS;Ready;2018-Oct-05;2020-Sep-18;0;0;1;0;0;0;0
EU;30277;2020EU30277;None;In Transit;None;None;0;0;0;0;1;0;0
EU;30296;2020EU30296;None;In Transit;None;None;0;0;0;0;1;0;0
EU;30427;2020EU30427;None;In Transit;None;None;0;0;0;0;1;0;0
EU;30488;2020EU30488;ANK;Ready;2018-Oct-22;2020-Sep-19;0;0;2;0;0;0;0
EU;30550;2020EU30550;None;In Transit;None;None;0;0;0;0;1;0;0
EU;30596;2020EU30596;None;In Transit;None;None;0;0;0;0;1;0;0
EU;30794;2020EU30794;None;In Transit;None;None;0;0;0;0;1;0;0
EU;30904;2020EU30904;None;In Transit;None;None;0;0;0;0;1;0;0
EU;30976;2020EU30976;None;In Transit;None;None;0;0;0;0;1;0;0
EU;31033;2020EU31033;None;In Transit;None;None;0;0;0;0;1;0;0
EU;31110;2020EU31110;ATA;Ready;2018-Oct-29;2020-Sep-17;0;0;2;0;0;0;0
EU;31113;2020EU31113;None;In Transit;None;None;0;0;0;0;1;0;0
EU;31216;2020EU31216;KEV;Ready;2018-Oct-09;2020-Sep-18;0;0;1;0;0;0;0
EU;31235;2020EU31235;MOS;Ready;2018-Oct-11;2020-Sep-18;0;0;1;0;0;0;0
EU;31261;2020EU31261;ATA;Ready;2018-Nov-03;2020-Sep-18;0;0;5;0;0;0;0
EU;31411;2020EU31411;None;In Transit;None;None;0;0;0;0;1;0;0
EU;31457;2020EU31457;None;In Transit;None;None;0;0;0;0;1;0;0
EU;31502;2020EU31502;None;In Transit;None;None;0;0;0;0;1;0;0
EU;31533;2020EU31533;MOS;Refused;2018-Oct-09;2020-Sep-18;0;0;0;2;0;0;0
EU;31578;2020EU31578;None;In Transit;None;None;0;0;0;0;1;0;0
EU;31613;2020EU31613;AMS;Ready;2018-Nov-03;2020-Sep-15;0;0;1;0;0;0;0
EU;31653;2020EU31653;None;In Transit;None;None;0;0;0;0;1;0;0
EU;31718;2020EU31718;None;In Transit;None;None;0;0;0;0;1;0;0
EU;31750;2020EU31750;ANK;Ready;2018-Oct-13;2020-Sep-19;0;0;1;0;0;0;0
EU;31770;2020EU31770;None;In Transit;None;None;0;0;0;0;1;0;0
EU;31795;2020EU31795;None;In Transit;None;None;0;0;0;0;1;0;0
EU;31823;2020EU31823;None;In Transit;None;None;0;0;0;0;1;0;0
EU;31851;2020EU31851;None;In Transit;None;None;0;0;0;0;1;0;0
EU;31861;2020EU31861;None;In Transit;None;None;0;0;0;0;1;0;0
EU;31873;2020EU31873;None;In Transit;None;None;0;0;0;0;1;0;0
EU;31904;2020EU31904;MDD;Refused;2018-Oct-20;2020-Sep-18;0;0;1;1;0;0;0
EU;32087;2020EU32087;WRW;Ready;2018-Nov-04;2020-Sep-18;0;0;2;0;0;0;0
EU;32105;2020EU32105;None;In Transit;None;None;0;0;0;0;1;0;0
EU;32127;2020EU32127;None;In Transit;None;None;0;0;0;0;1;0;0
EU;32155;2020EU32155;ANK;Ready;2018-Oct-13;2020-Sep-19;0;0;2;0;0;0;0
EU;32239;2020EU32239;MOS;Refused;2018-Nov-06;2020-Sep-18;0;0;0;1;0;0;0
EU;32315;2020EU32315;None;In Transit;None;None;0;0;0;0;1;0;0
EU;32385;2020EU32385;SOF;Ready;2018-Oct-18;2020-Sep-16;0;0;4;0;0;0;0
EU;32417;2020EU32417;None;In Transit;None;None;0;0;0;0;1;0;0
EU;32463;2020EU32463;MTL;Issued;2018-Oct-07;2020-Sep-18;2;0;0;0;0;0;0
EU;32560;2020EU32560;ANK;Ready;2018-Oct-13;2020-Sep-19;0;0;1;0;0;0;0
EU;32598;2020EU32598;None;In Transit;None;None;0;0;0;0;1;0;0
EU;32614;2020EU32614;BCH;Refused;2018-Oct-29;2020-Sep-18;0;0;0;2;0;0;0
EU;32636;2020EU32636;TIA;Administrative Processing;2018-Nov-01;2020-Sep-17;0;2;0;0;0;0;0
EU;32638;2020EU32638;None;In Transit;None;None;0;0;0;0;1;0;0
EU;32640;2020EU32640;None;In Transit;None;None;0;0;0;0;1;0;0
EU;32681;2020EU32681;None;In Transit;None;None;0;0;0;0;1;0;0
EU;32795;2020EU32795;None;In Transit;None;None;0;0;0;0;1;0;0
EU;32946;2020EU32946;KEV;Issued;2018-Oct-25;2020-Sep-03;1;0;2;0;0;0;0
EU;33229;2020EU33229;CHS;Refused;2018-Oct-08;2020-Sep-16;0;0;0;2;0;0;0
EU;33272;2020EU33272;WRW;Ready;2018-Oct-23;2020-Sep-18;0;0;1;0;0;0;0
EU;33316;2020EU33316;YRV;Ready;2018-Nov-03;2020-Sep-18;0;0;3;0;0;0;0
EU;33367;2020EU33367;TIA;Ready;2018-Oct-29;2020-Sep-17;0;0;3;0;0;0;0
EU;33454;2020EU33454;PRS;Ready;2018-Oct-04;2020-Sep-18;0;0;1;0;0;0;0
EU;33603;2020EU33603;MOS;Refused;2018-Oct-04;2020-Sep-18;0;0;0;1;0;0;0
EU;33740;2020EU33740;ANK;Ready;2018-Nov-03;2020-Sep-19;0;0;4;0;0;0;0
EU;33834;2020EU33834;STK;Refused;2018-Oct-27;2020-Sep-18;0;0;0;2;0;0;0
EU;34649;2020EU34649;None;In Transit;None;None;0;0;0;0;1;0;0
EU;35147;2020EU35147;None;In Transit;None;None;0;0;0;0;1;0;0
EU;35330;2020EU35330;TIA;Refused;2018-Nov-06;2020-Sep-18;0;0;0;1;0;0;0
EU;35809;2020EU35809;MOS;Ready;2018-Nov-05;2020-Sep-17;0;0;2;0;0;0;0
EU;35883;2020EU35883;ZGB;Ready;2018-Nov-06;2020-Sep-18;0;0;1;0;0;0;0
EU;36330;2020EU36330;ANK;Ready;2018-Oct-23;2020-Sep-19;0;0;3;0;0;0;0
EU;36341;2020EU36341;None;In Transit;None;None;0;0;0;0;1;0;0
EU;36675;2020EU36675;ANK;Ready;2018-Oct-29;2020-Sep-19;0;0;2;0;0;0;0
EU;36805;2020EU36805;ANK;Ready;2018-Oct-11;2020-Sep-19;0;0;1;0;0;0;0
EU;37169;2020EU37169;ATA;Ready;2018-Nov-04;2020-Sep-18;0;0;2;0;0;0;0
EU;37803;2020EU37803;None;In Transit;None;None;0;0;0;0;1;0;0
EU;38028;2020EU38028;GUZ;Refused;2018-Nov-05;2020-Sep-18;0;0;0;2;0;0;0
EU;38054;2020EU38054;ANK;Ready;2018-Nov-01;2020-Sep-19;0;0;1;0;0;0;0
EU;38678;2020EU38678;ACK;Ready;2018-Oct-08;2020-Sep-18;0;0;2;0;0;0;0
EU;38872;2020EU38872;MOS;Refused;2018-Oct-08;2020-Sep-18;0;0;0;3;0;0;0
EU;39258;2020EU39258;None;In Transit;None;None;0;0;0;0;1;0;0
EU;39710;2020EU39710;NPL;Ready;2018-Oct-12;2020-Sep-18;0;0;2;0;0;0;0
EU;39871;2020EU39871;MOS;Ready;2018-Oct-08;2020-Sep-17;0;0;3;0;0;0;0
EU;40406;2020EU40406;None;In Transit;None;None;0;0;0;0;1;0;0
EU;40919;2020EU40919;AMM;Issued;2018-Oct-17;2020-Sep-17;5;0;0;0;0;0;0
EU;41171;2020EU41171;None;In Transit;None;None;0;0;0;0;1;0;0
EU;41282;2020EU41282;None;In Transit;None;None;0;0;0;0;1;0;0
EU;42071;2020EU42071;ZGB;Ready;2018-Oct-07;2020-Sep-18;0;0;2;0;0;0;0
EU;42312;2020EU42312;ATA;Ready;2018-Nov-06;2020-Sep-18;0;0;3;0;0;0;0
EU;42452;2020EU42452;MOS;Refused;2018-Oct-22;2020-Sep-17;0;0;0;3;0;0;0
EU;42839;2020EU42839;None;In Transit;None;None;0;0;0;0;1;0;0
EU;43232;2020EU43232;MOS;Refused;2018-Oct-04;2020-Sep-17;0;0;0;2;0;0;0
EU;43401;2020EU43401;FRN;Ready;2018-Oct-16;2020-Sep-18;0;0;3;0;0;0;0
EU;43673;2020EU43673;ZGB;Issued;2018-Nov-04;2020-Sep-18;3;0;0;0;0;0;0
EU;43961;2020EU43961;CHS;Refused;2018-Oct-20;2020-Sep-17;0;0;0;2;0;0;0
EU;44050;2020EU44050;None;In Transit;None;None;0;0;0;0;1;0;0
EU;44670;2020EU44670;None;In Transit;None;None;0;0;0;0;1;0;0
EU;44843;2020EU44843;BDP;Ready;2018-Oct-07;2020-Sep-18;0;0;1;0;0;0;0
EU;44902;2020EU44902;NPL;Ready;2018-Nov-02;2020-Sep-18;0;0;4;0;0;0;0
EU;44987;2020EU44987;ACK;Ready;2018-Oct-08;2020-Sep-18;0;0;1;0;0;0;0
EU;45464;2020EU45464;ZGB;Ready;2018-Oct-30;2020-Sep-18;0;0;2;0;0;0;0
EU;45956;2020EU45956;ANK;Ready;2018-Oct-03;2020-Sep-17;0;0;3;0;0;0;0
EU;46340;2020EU46340;None;In Transit;None;None;0;0;0;0;1;0;0
EU;46514;2020EU46514;ANK;Ready;2018-Oct-08;2020-Sep-19;0;0;4;0;0;0;0
EU;47071;2020EU47071;ANK;Refused;2018-Oct-25;2020-Sep-19;0;0;0;1;0;0;0
EU;48680;2020EU48680;None;In Transit;None;None;0;0;0;0;1;0;0
EU;49022;2020EU49022;CHS;Refused;2018-Oct-20;2020-Sep-16;0;0;0;2;0;0;0
EU;49053;2020EU49053;None;In Transit;None;None;0;0;0;0;1;0;0
EU;49396;2020EU49396;None;In Transit;None;None;0;0;0;0;1;0;0
EU;49567;2020EU49567;ANK;Ready;2018-Oct-25;2020-Sep-19;0;0;3;0;0;0;0
EU;49749;2020EU49749;None;In Transit;None;None;0;0;0;0;1;0;0
EU;49915;2020EU49915;ANK;Ready;2018-Oct-11;2020-Sep-19;0;0;1;0;0;0;0
EU;49978;2020EU49978;None;In Transit;None;None;0;0;0;0;1;0;0
EU;51180;2020EU51180;None;In Transit;None;None;0;0;0;0;1;0;0
EU;51489;2020EU51489;SOF;Ready;2018-Oct-24;2020-Sep-15;0;0;2;0;0;0;0
EU;51499;2020EU51499;VNN;Ready;2018-Oct-22;2020-Sep-18;0;0;1;0;0;0;0
EU;51543;2020EU51543;BEN;Ready;2018-Oct-09;2020-Sep-17;0;0;1;0;0;0;0
EU;51569;2020EU51569;ZGB;Administrative Processing;2018-Oct-08;2020-Sep-18;0;1;0;0;0;0;0
EU;52084;2020EU52084;None;In Transit;None;None;0;0;0;0;1;0;0
EU;52362;2020EU52362;ANK;Ready;2018-Nov-01;2020-Sep-19;0;0;1;0;0;0;0
EU;53075;2020EU53075;None;In Transit;None;None;0;0;0;0;1;0;0
EU;53170;2020EU53170;MOS;Refused;2018-Oct-16;2020-Sep-17;0;0;0;2;0;0;0
EU;54602;2020EU54602;None;In Transit;None;None;0;0;0;0;1;0;0
OC;476;2020OC476;None;In Transit;None;None;0;0;0;0;1;0;0
OC;490;2020OC490;None;In Transit;None;None;0;0;0;0;1;0;0
OC;537;2020OC537;ACK;Ready;2018-Nov-02;2020-Sep-18;0;0;1;0;0;0;0
OC;740;2020OC740;None;In Transit;None;None;0;0;0;0;1;0;0
OC;1050;2020OC1050;None;In Transit;None;None;0;0;0;0;1;0;0
OC;1074;2020OC1074;SYD;Refused;2018-Nov-01;2020-Sep-18;0;0;0;2;0;0;0
OC;1587;2020OC1587;None;In Transit;None;None;0;0;0;0;1;0;0
OC;1710;2020OC1710;SUV;Ready;2018-Nov-06;2020-Sep-18;0;0;1;0;0;0;0
OC;1776;2020OC1776;None;In Transit;None;None;0;0;0;0;1;0;0
OC;2193;2020OC2193;ACK;Ready;2018-Oct-25;2020-Sep-18;0;0;5;0;0;0;0
OC;2197;2020OC2197;ACK;Ready;2018-Oct-30;2020-Sep-18;0;0;2;0;0;0;0
OC;2215;2020OC2215;ACK;Ready;2018-Oct-11;2020-Sep-18;0;0;4;0;0;0;0
OC;2220;2020OC2220;None;In Transit;None;None;0;0;0;0;1;0;0
OC;2228;2020OC2228;SYD;Refused;2018-Oct-18;2020-Sep-18;0;0;0;1;0;0;0
SA;550;2020SA550;BGT;Ready;2018-Oct-28;2020-Sep-18;0;0;2;0;0;0;0
SA;761;2020SA761;None;In Transit;None;None;0;0;0;0;1;0;0
SA;801;2020SA801;BGT;Ready;2018-Nov-04;2020-Sep-18;0;0;5;0;0;0;0
SA;1130;2020SA1130;BGT;Ready;2018-Oct-19;2020-Sep-18;0;0;1;0;0;0;0
SA;1161;2020SA1161;BGT;Ready;2018-Oct-22;2020-Sep-19;0;0;4;0;0;0;0
SA;1211;2020SA1211;BGT;Ready;2018-Oct-24;2020-Sep-18;0;0;2;0;0;0;0
SA;1228;2020SA1228;BGT;Ready;2018-Nov-05;2020-Sep-18;0;0;4;0;0;0;0
SA;1288;2020SA1288;BGT;Ready;2018-Oct-03;2020-Sep-18;0;0;1;0;0;0;0
SA;1463;2020SA1463;BGT;Ready;2018-Nov-05;2020-Sep-18;0;0;3;0;0;0;0
SA;1578;2020SA1578;BGT;Ready;2018-Nov-01;2020-Sep-18;0;0;1;0;0;0;0
SA;1594;2020SA1594;BGT;Ready;2018-Oct-08;2020-Sep-18;0;0;4;0;0;0;0
SA;1625;2020SA1625;BGT;Ready;2018-Nov-05;2020-Sep-17;0;0;3;0;0;0;0
SA;1652;2020SA1652;BGT;Ready;2018-Oct-11;2020-Sep-17;0;0;1;0;0;0;0
SA;1668;2020SA1668;BGT;Ready;2018-Nov-05;2020-Sep-17;0;0;1;0;0;0;0
SA;1701;2020SA1701;BGT;Ready;2018-Oct-13;2020-Sep-18;0;0;4;0;0;0;0
SA;1714;2020SA1714;BGT;Ready;2018-Oct-04;2020-Sep-18;0;0;2;0;0;0;0
SA;1745;2020SA1745;None;In Transit;None;None;0;0;0;0;1;0;0
SA;1782;2020SA1782;None;In Transit;None;None;0;0;0;0;1;0;0
SA;1788;2020SA1788;BGT;Ready;2018-Oct-31;2020-Sep-19;0;0;4;0;0;0;0
SA;1797;2020SA1797;BGT;Ready;2018-Oct-10;2020-Sep-18;0;0;1;0;0;0;0
SA;1863;2020SA1863;BGT;Ready;2018-Oct-11;2020-Sep-17;0;0;2;0;0;0;0
SA;1867;2020SA1867;BGT;Ready;2018-Nov-01;2020-Sep-17;0;0;2;0;0;0;0
SA;1873;2020SA1873;MTV;Ready;2018-Oct-26;2020-Sep-18;0;0;2;0;0;0;0
SA;1891;2020SA1891;BGT;Ready;2018-Oct-22;2020-Sep-18;0;0;1;0;0;0;0
SA;1915;2020SA1915;BGT;Ready;2018-Oct-16;2020-Sep-17;0;0;2;0;0;0;0
SA;1925;2020SA1925;BGT;Ready;2018-Nov-05;2020-Sep-17;0;0;1;0;0;0;0
SA;1935;2020SA1935;BGT;Ready;2018-Oct-12;2020-Sep-17;0;0;1;0;0;0;0
SA;1940;2020SA1940;BGT;Ready;2018-Oct-07;2020-Sep-17;0;0;1;0;0;0;0
SA;1948;2020SA1948;BGT;Ready;2018-Oct-24;2020-Sep-18;0;0;2;0;0;0;0
SA;2001;2020SA2001;MTV;Ready;2018-Oct-17;2020-Sep-18;0;0;2;0;0;0;0
SA;2002;2020SA2002;BGT;Ready;2018-Nov-05;2020-Sep-17;0;0;2;0;0;0;0
SA;2003;2020SA2003;None;In Transit;None;None;0;0;0;0;1;0;0
SA;2017;2020SA2017;None;In Transit;None;None;0;0;0;0;1;0;0
SA;2037;2020SA2037;None;In Transit;None;None;0;0;0;0;1;0;0
SA;2038;2020SA2038;None;In Transit;None;None;0;0;0;0;1;0;0
SA;2041;2020SA2041;BGT;Ready;2018-Nov-05;2020-Sep-18;0;0;1;0;0;0;0
SA;2058;2020SA2058;CDJ;Ready;2018-Oct-03;2020-Sep-18;0;0;2;0;0;0;0
SA;2072;2020SA2072;PTS;Ready;2018-Nov-03;2020-Sep-18;0;0;1;0;0;0;0
SA;2117;2020SA2117;BGT;Ready;2018-Oct-18;2020-Sep-17;0;0;1;0;0;0;0
SA;2153;2020SA2153;None;In Transit;None;None;0;0;0;0;1;0;0
SA;2182;2020SA2182;BGT;Ready;2018-Nov-05;2020-Sep-18;0;0;4;0;0;0;0
SA;2191;2020SA2191;TGG;Ready;2018-Oct-10;2020-Sep-18;0;0;5;0;0;0;0
SA;2226;2020SA2226;BGT;Ready;2018-Oct-28;2020-Sep-17;0;0;4;0;0;0;0
SA;2269;2020SA2269;BGT;Ready;2018-Oct-29;2020-Sep-18;0;0;1;0;0;0;0
SA;2271;2020SA2271;TGG;Ready;2018-Nov-04;2020-Sep-18;0;0;3;0;0;0;0
SA;2306;2020SA2306;BGT;Ready;2018-Nov-01;2020-Sep-18;0;0;4;0;0;0;0
SA;2378;2020SA2378;None;In Transit;None;None;0;0;0;0;1;0;0
SA;2411;2020SA2411;BGT;Ready;2018-Nov-01;2020-Sep-18;0;0;1;0;0;0;0
SA;2491;2020SA2491;None;In Transit;None;None;0;0;0;0;1;0;0
SA;2493;2020SA2493;BGT;Ready;2018-Nov-05;2020-Sep-17;0;0;1;0;0;0;0
SA;2518;2020SA2518;BGT;Ready;2018-Nov-04;2020-Sep-17;0;0;3;0;0;0;0
SA;2520;2020SA2520;BGT;Ready;2018-Oct-16;2020-Sep-17;0;0;2;0;0;0;0
SA;2533;2020SA2533;BGT;Ready;2018-Oct-23;2020-Sep-17;0;0;3;0;0;0;0
SA;2539;2020SA2539;BGT;Ready;2018-Oct-23;2020-Sep-18;0;0;2;0;0;0;0
SA;2583;2020SA2583;TGG;Ready;2018-Nov-03;2020-Sep-18;0;0;3;0;0;0;0
SA;2609;2020SA2609;BGT;Ready;2018-Oct-05;2020-Sep-17;0;0;1;0;0;0;0
SA;2616;2020SA2616;BGT;Ready;2018-Oct-10;2020-Sep-17;0;0;2;0;0;0;0
SA;2617;2020SA2617;MTV;Ready;2018-Nov-05;2020-Sep-18;0;0;4;0;0;0;0
SA;2619;2020SA2619;BGT;Ready;2018-Nov-02;2020-Sep-18;0;0;1;0;0;0;0
SA;2625;2020SA2625;BGT;Ready;2018-Nov-02;2020-Sep-17;0;0;4;0;0;0;0
SA;2629;2020SA2629;BGT;Ready;2018-Oct-09;2020-Sep-18;0;0;1;0;0;0;0
SA;2637;2020SA2637;BGT;Ready;2018-Nov-05;2020-Sep-18;0;0;4;0;0;0;0
SA;2645;2020SA2645;BGT;Ready;2018-Nov-04;2020-Sep-18;0;0;4;0;0;0;0
SA;2669;2020SA2669;BGT;Ready;2018-Nov-03;2020-Sep-17;0;0;4;0;0;0;0
SA;2701;2020SA2701;BGT;Ready;2018-Oct-30;2020-Sep-18;0;0;4;0;0;0;0
SA;2704;2020SA2704;BGT;Ready;2018-Oct-18;2020-Sep-18;0;0;1;0;0;0;0
SA;2707;2020SA2707;BGT;Ready;2018-Nov-02;2020-Sep-18;0;0;1;0;0;0;0
SA;2766;2020SA2766;MTV;Ready;2018-Oct-13;2020-Sep-18;0;0;2;0;0;0;0
SA;2823;2020SA2823;BGT;Ready;2018-Oct-09;2020-Sep-17;0;0;2;0;0;0;0
SA;2826;2020SA2826;BGT;Ready;2018-Oct-07;2020-Sep-17;0;0;3;0;0;0;0
SA;2829;2020SA2829;None;In Transit;None;None;0;0;0;0;1;0;0
SA;2836;2020SA2836;BGT;Ready;2018-Oct-29;2020-Sep-17;0;0;4;0;0;0;0
SA;2867;2020SA2867;BGT;Ready;2018-Nov-05;2020-Sep-17;0;0;1;0;0;0;0
SA;2871;2020SA2871;BGT;Transfer in Progress;2018-Oct-27;2020-Sep-18;0;0;0;0;0;2;0
SA;2906;2020SA2906;BGT;Ready;2018-Oct-05;2020-Sep-17;0;0;1;0;0;0;0
SA;2909;2020SA2909;BGT;Ready;2018-Nov-02;2020-Sep-17;0;0;2;0;0;0;0
SA;2943;2020SA2943;BGT;Ready;2018-Nov-04;2020-Sep-17;0;0;3;0;0;0;0
SA;2948;2020SA2948;None;In Transit;None;None;0;0;0;0;1;0;0
SA;2986;2020SA2986;BGT;Ready;2018-Nov-02;2020-Sep-18;0;0;3;0;0;0;0
SA;2996;2020SA2996;None;In Transit;None;None;0;0;0;0;1;0;0
SA;3005;2020SA3005;BGT;Ready;2018-Oct-29;2020-Sep-17;0;0;2;0;0;0;0
SA;3017;2020SA3017;BGT;Ready;2018-Oct-26;2020-Sep-18;0;0;3;0;0;0;0
SA;3036;2020SA3036;BGT;Ready;2018-Oct-21;2020-Sep-18;0;0;2;0;0;0;0
SA;3049;2020SA3049;MTV;Ready;2018-Oct-03;2020-Sep-18;0;0;1;0;0;0;0
SA;3069;2020SA3069;BGT;Ready;2018-Nov-05;2020-Sep-18;0;0;1;0;0;0;0
SA;3076;2020SA3076;PTS;Ready;2018-Oct-04;2020-Sep-18;0;0;4;0;0;0;0
SA;3078;2020SA3078;BGT;Ready;2018-Nov-04;2020-Sep-18;0;0;2;0;0;0;0
SA;3092;2020SA3092;BGT;Ready;2018-Nov-05;2020-Sep-18;0;0;2;0;0;0;0
SA;3111;2020SA3111;None;In Transit;None;None;0;0;0;0;1;0;0
SA;3118;2020SA3118;None;In Transit;None;None;0;0;0;0;1;0;0
SA;3122;2020SA3122;BGT;Ready;2018-Nov-04;2020-Sep-18;0;0;1;0;0;0;0
SA;3137;2020SA3137;BGT;Ready;2018-Nov-03;2020-Sep-18;0;0;2;0;0;0;0
SA;3146;2020SA3146;None;In Transit;None;None;0;0;0;0;1;0;0
SA;3160;2020SA3160;BGT;Ready;2018-Oct-31;2020-Sep-18;0;0;6;0;0;0;0
SA;3172;2020SA3172;BGT;Ready;2018-Oct-15;2020-Sep-17;0;0;1;0;0;0;0
SA;3188;2020SA3188;BGT;Ready;2018-Oct-16;2020-Sep-17;0;0;1;0;0;0;0
SA;3199;2020SA3199;None;In Transit;None;None;0;0;0;0;1;0;0
SA;3206;2020SA3206;BGT;Ready;2018-Nov-05;2020-Sep-17;0;0;2;0;0;0;0
SA;3210;2020SA3210;None;In Transit;None;None;0;0;0;0;1;0;0
SA;3232;2020SA3232;BGT;Ready;2018-Oct-24;2020-Sep-18;0;0;2;0;0;0;0
SA;3234;2020SA3234;BGT;Ready;2018-Oct-29;2020-Sep-18;0;0;1;0;0;0;0
SA;3235;2020SA3235;None;In Transit;None;None;0;0;0;0;1;0;0
SA;3261;2020SA3261;BGT;Ready;2018-Oct-13;2020-Sep-17;0;0;2;0;0;0;0
SA;3274;2020SA3274;BGT;Ready;2018-Oct-29;2020-Sep-18;0;0;2;0;0;0;0
SA;3315;2020SA3315;BGT;Ready;2018-Nov-03;2020-Sep-17;0;0;3;0;0;0;0
SA;3326;2020SA3326;BGT;Ready;2018-Oct-15;2020-Sep-17;0;0;1;0;0;0;0
SA;3433;2020SA3433;BGT;Ready;2018-Oct-31;2020-Sep-17;0;0;2;0;0;0;0
SA;3440;2020SA3440;None;In Transit;None;None;0;0;0;0;1;0;0
SA;3504;2020SA3504;BGT;Ready;2018-Nov-05;2020-Sep-18;0;0;2;0;0;0;0
SA;3539;2020SA3539;PTS;Ready;2018-Nov-04;2020-Sep-18;0;0;1;0;0;0;0
SA;3584;2020SA3584;BGT;Ready;2018-Nov-05;2020-Sep-18;0;0;2;0;0;0;0
SA;3596;2020SA3596;BGT;Ready;2018-Oct-18;2020-Sep-18;0;0;1;0;0;0;0
SA;3600;2020SA3600;BGT;Ready;2018-Nov-06;2020-Sep-18;0;0;2;0;0;0;0
SA;3688;2020SA3688;BGT;Ready;2018-Oct-26;2020-Sep-18;0;0;1;0;0;0;0
SA;3763;2020SA3763;None;In Transit;None;None;0;0;0;0;1;0;0
SA;3771;2020SA3771;BGT;Ready;2018-Oct-31;2020-Sep-17;0;0;5;0;0;0;0
SA;3782;2020SA3782;BGT;Ready;2018-Oct-27;2020-Sep-17;0;0;2;0;0;0;0
SA;3856;2020SA3856;BGT;Ready;2018-Oct-08;2020-Sep-17;0;0;1;0;0;0;0
SA;3874;2020SA3874;None;In Transit;None;None;0;0;0;0;1;0;0
SA;3892;2020SA3892;BGT;Ready;2018-Nov-05;2020-Sep-18;0;0;3;0;0;0;0
SA;3907;2020SA3907;None;In Transit;None;None;0;0;0;0;1;0;0
SA;3924;2020SA3924;BGT;Ready;2018-Nov-04;2020-Sep-18;0;0;2;0;0;0;0
SA;3943;2020SA3943;BGT;Ready;2018-Oct-31;2020-Sep-18;0;0;4;0;0;0;0
SA;3980;2020SA3980;BGT;Ready;2018-Nov-05;2020-Sep-17;0;0;3;0;0;0;0
